target,mode,train_persona,train_size,layer,eval_persona,cohen_d,auc,n_pos,n_neg
harm,default_sweep,default,1000,25,default,7.85600589197725,0.999904,250,250
harm,default_sweep,default,1000,25,helpful_assistant,6.976220596543069,0.9998079999999999,250,250
harm,default_sweep,default,1000,25,sadist,4.449567345865224,0.9987199999999999,250,250
harm,default_sweep,default,1000,25,villain,4.645213131095172,0.9998239999999999,250,250
harm,default_sweep,default,1000,25,pathological_liar,4.383756402438669,0.999104,250,250
harm,default_sweep,default,1000,25,Aura,4.541354249659318,0.999888,250,250
harm,default_sweep,default,1000,25,mathematician,5.198713277288138,0.999584,250,250
harm,default_sweep,default,1000,25,neutral_long,5.054094980986958,0.999664,250,250
harm,default_sweep,default,1000,32,default,8.8982945224342,0.999968,250,250
harm,default_sweep,default,1000,32,helpful_assistant,8.181840155211944,0.999984,250,250
harm,default_sweep,default,1000,32,sadist,3.087724847610214,0.991616,250,250
harm,default_sweep,default,1000,32,villain,4.556545603394591,0.9987360000000001,250,250
harm,default_sweep,default,1000,32,pathological_liar,4.802914462912684,0.998704,250,250
harm,default_sweep,default,1000,32,Aura,3.8671779995018407,0.993744,250,250
harm,default_sweep,default,1000,32,mathematician,3.685489908295826,0.995312,250,250
harm,default_sweep,default,1000,32,neutral_long,4.991204238991692,0.9992,250,250
harm,default_sweep,default,1000,39,default,8.885279885912123,1.0,250,250
harm,default_sweep,default,1000,39,helpful_assistant,8.25427250564489,1.0,250,250
harm,default_sweep,default,1000,39,sadist,2.7608726017538405,0.9832160000000001,250,250
harm,default_sweep,default,1000,39,villain,3.8472574447385135,0.997184,250,250
harm,default_sweep,default,1000,39,pathological_liar,4.407303748608633,0.999024,250,250
harm,default_sweep,default,1000,39,Aura,3.4672589622655905,0.9906400000000001,250,250
harm,default_sweep,default,1000,39,mathematician,4.823835948296675,0.998896,250,250
harm,default_sweep,default,1000,39,neutral_long,5.44400267233031,0.999312,250,250
harm,default_sweep,default,1000,46,default,8.410311190025167,0.999984,250,250
harm,default_sweep,default,1000,46,helpful_assistant,7.308306432922487,0.99992,250,250
harm,default_sweep,default,1000,46,sadist,2.6810303024264086,0.980464,250,250
harm,default_sweep,default,1000,46,villain,3.805675482780859,0.996592,250,250
harm,default_sweep,default,1000,46,pathological_liar,3.8650215406426756,0.994528,250,250
harm,default_sweep,default,1000,46,Aura,3.1509643791470445,0.987328,250,250
harm,default_sweep,default,1000,46,mathematician,3.738476723971783,0.995296,250,250
harm,default_sweep,default,1000,46,neutral_long,4.717503454903636,0.99752,250,250
harm,default_sweep,default,1000,53,default,8.078500001338421,0.999952,250,250
harm,default_sweep,default,1000,53,helpful_assistant,7.17258085278934,0.999856,250,250
harm,default_sweep,default,1000,53,sadist,2.039650978992386,0.928016,250,250
harm,default_sweep,default,1000,53,villain,3.618175319792936,0.993568,250,250
harm,default_sweep,default,1000,53,pathological_liar,3.5604876705667774,0.989552,250,250
harm,default_sweep,default,1000,53,Aura,2.927895305895504,0.985184,250,250
harm,default_sweep,default,1000,53,mathematician,3.32839992248076,0.989312,250,250
harm,default_sweep,default,1000,53,neutral_long,4.573145578074542,0.9970240000000001,250,250
harm,default_sweep,default,200,25,default,6.789777467390537,0.998032,250,250
harm,default_sweep,default,200,25,helpful_assistant,6.282571873331987,0.9968319999999999,250,250
harm,default_sweep,default,200,25,sadist,4.106408404899923,0.9926079999999999,250,250
harm,default_sweep,default,200,25,villain,4.434736194100647,0.9935039999999999,250,250
harm,default_sweep,default,200,25,pathological_liar,4.766801486213845,0.9948319999999999,250,250
harm,default_sweep,default,200,25,Aura,4.477364847976113,0.992032,250,250
harm,default_sweep,default,200,25,mathematician,4.867837909981437,0.9947520000000001,250,250
harm,default_sweep,default,200,25,neutral_long,4.967944765856993,0.993872,250,250
harm,default_sweep,default,200,32,default,7.002645113878615,0.998416,250,250
harm,default_sweep,default,200,32,helpful_assistant,6.7153125957884505,0.997328,250,250
harm,default_sweep,default,200,32,sadist,3.084782108717555,0.9829439999999999,250,250
harm,default_sweep,default,200,32,villain,4.500597145930484,0.9904480000000001,250,250
harm,default_sweep,default,200,32,pathological_liar,4.591506333951128,0.992,250,250
harm,default_sweep,default,200,32,Aura,3.7178521633733603,0.983008,250,250
harm,default_sweep,default,200,32,mathematician,4.556554880697929,0.99016,250,250
harm,default_sweep,default,200,32,neutral_long,4.860907051911312,0.989984,250,250
harm,default_sweep,default,200,39,default,6.72890358780161,0.996224,250,250
harm,default_sweep,default,200,39,helpful_assistant,6.364291525909583,0.9950560000000002,250,250
harm,default_sweep,default,200,39,sadist,2.698346739934205,0.972736,250,250
harm,default_sweep,default,200,39,villain,3.73280326812284,0.9864799999999999,250,250
harm,default_sweep,default,200,39,pathological_liar,4.370520442132986,0.9894879999999999,250,250
harm,default_sweep,default,200,39,Aura,3.3486363263085197,0.979312,250,250
harm,default_sweep,default,200,39,mathematician,4.356047455725869,0.990416,250,250
harm,default_sweep,default,200,39,neutral_long,4.443122179602651,0.9869439999999999,250,250
harm,default_sweep,default,200,46,default,6.466933567848176,0.994368,250,250
harm,default_sweep,default,200,46,helpful_assistant,6.001051653620163,0.992288,250,250
harm,default_sweep,default,200,46,sadist,2.739431010335839,0.971344,250,250
harm,default_sweep,default,200,46,villain,3.1138873306144808,0.9761920000000002,250,250
harm,default_sweep,default,200,46,pathological_liar,3.5523385937556595,0.982992,250,250
harm,default_sweep,default,200,46,Aura,3.21526047404155,0.9788319999999999,250,250
harm,default_sweep,default,200,46,mathematician,3.7078084529647173,0.9832639999999999,250,250
harm,default_sweep,default,200,46,neutral_long,3.9790346280137716,0.98192,250,250
harm,default_sweep,default,200,53,default,6.1452156577716766,0.99464,250,250
harm,default_sweep,default,200,53,helpful_assistant,5.779205767469095,0.992208,250,250
harm,default_sweep,default,200,53,sadist,2.6829498936449907,0.9656480000000001,250,250
harm,default_sweep,default,200,53,villain,3.435401596503093,0.979696,250,250
harm,default_sweep,default,200,53,pathological_liar,3.836178962048051,0.9839999999999999,250,250
harm,default_sweep,default,200,53,Aura,3.2196764946178944,0.978736,250,250
harm,default_sweep,default,200,53,mathematician,3.451797043967426,0.984096,250,250
harm,default_sweep,default,200,53,neutral_long,3.8918634813910336,0.981696,250,250
harm,default_sweep,default,3560,25,default,6.606932324349687,0.999856,250,250
harm,default_sweep,default,3560,25,helpful_assistant,5.564277857632738,0.999872,250,250
harm,default_sweep,default,3560,25,sadist,2.4816055497127776,0.962384,250,250
harm,default_sweep,default,3560,25,villain,2.6311667628160054,0.972704,250,250
harm,default_sweep,default,3560,25,pathological_liar,2.540920885647605,0.970384,250,250
harm,default_sweep,default,3560,25,Aura,2.4105901026441074,0.9575680000000001,250,250
harm,default_sweep,default,3560,25,mathematician,3.025854918489612,0.98312,250,250
harm,default_sweep,default,3560,25,neutral_long,3.3454767105760475,0.991168,250,250
harm,default_sweep,default,3560,32,default,7.2046365232651945,0.999872,250,250
harm,default_sweep,default,3560,32,helpful_assistant,6.939073603603496,0.999968,250,250
harm,default_sweep,default,3560,32,sadist,1.9962390840871929,0.9276,250,250
harm,default_sweep,default,3560,32,villain,3.2665679338401294,0.985808,250,250
harm,default_sweep,default,3560,32,pathological_liar,2.0660494419586817,0.928496,250,250
harm,default_sweep,default,3560,32,Aura,1.9704783438053677,0.9322079999999999,250,250
harm,default_sweep,default,3560,32,mathematician,2.064882707699314,0.924208,250,250
harm,default_sweep,default,3560,32,neutral_long,2.8406677372861635,0.982832,250,250
harm,default_sweep,default,3560,39,default,7.025694112716666,0.9999359999999999,250,250
harm,default_sweep,default,3560,39,helpful_assistant,6.121987705245334,0.9997119999999999,250,250
harm,default_sweep,default,3560,39,sadist,1.356374081378452,0.8299040000000001,250,250
harm,default_sweep,default,3560,39,villain,2.2086970446809073,0.941408,250,250
harm,default_sweep,default,3560,39,pathological_liar,2.5382087184621867,0.95536,250,250
harm,default_sweep,default,3560,39,Aura,2.7016594720283322,0.960112,250,250
harm,default_sweep,default,3560,39,mathematician,3.3234935163941857,0.98744,250,250
harm,default_sweep,default,3560,39,neutral_long,3.3215711907357277,0.982368,250,250
harm,default_sweep,default,3560,46,default,7.2903300442992185,1.0,250,250
harm,default_sweep,default,3560,46,helpful_assistant,5.707129771656811,0.999872,250,250
harm,default_sweep,default,3560,46,sadist,2.631471295090995,0.968016,250,250
harm,default_sweep,default,3560,46,villain,2.783131160251015,0.9786400000000001,250,250
harm,default_sweep,default,3560,46,pathological_liar,2.789920820376907,0.973392,250,250
harm,default_sweep,default,3560,46,Aura,2.0517642277516517,0.9270079999999999,250,250
harm,default_sweep,default,3560,46,mathematician,3.466060708252193,0.992192,250,250
harm,default_sweep,default,3560,46,neutral_long,3.6216117716212404,0.989312,250,250
harm,default_sweep,default,3560,53,default,6.360585782344708,0.999984,250,250
harm,default_sweep,default,3560,53,helpful_assistant,5.175903581737495,0.9993759999999999,250,250
harm,default_sweep,default,3560,53,sadist,1.6794008411254473,0.8806560000000001,250,250
harm,default_sweep,default,3560,53,villain,2.1295637219513606,0.9380959999999999,250,250
harm,default_sweep,default,3560,53,pathological_liar,2.1747283391468084,0.9445600000000001,250,250
harm,default_sweep,default,3560,53,Aura,1.8818721627717538,0.910848,250,250
harm,default_sweep,default,3560,53,mathematician,2.352887927274492,0.9473280000000001,250,250
harm,default_sweep,default,3560,53,neutral_long,3.1300829915114248,0.98384,250,250
harm,default_sweep,default,50,25,default,3.6027566234631654,0.971136,250,250
harm,default_sweep,default,50,25,helpful_assistant,3.5837224756140946,0.97032,250,250
harm,default_sweep,default,50,25,sadist,3.0074027447040472,0.963024,250,250
harm,default_sweep,default,50,25,villain,3.276467931669551,0.964944,250,250
harm,default_sweep,default,50,25,pathological_liar,3.129784592157979,0.963536,250,250
harm,default_sweep,default,50,25,Aura,3.0401141861972776,0.96416,250,250
harm,default_sweep,default,50,25,mathematician,3.2314171414978574,0.96752,250,250
harm,default_sweep,default,50,25,neutral_long,3.245707075870753,0.976272,250,250
harm,default_sweep,default,50,32,default,4.162895343569483,0.981088,250,250
harm,default_sweep,default,50,32,helpful_assistant,4.108925718007587,0.983136,250,250
harm,default_sweep,default,50,32,sadist,2.615555471345393,0.9694080000000002,250,250
harm,default_sweep,default,50,32,villain,3.480082985132858,0.986752,250,250
harm,default_sweep,default,50,32,pathological_liar,3.320966361238132,0.985312,250,250
harm,default_sweep,default,50,32,Aura,3.0947764764463757,0.9723519999999999,250,250
harm,default_sweep,default,50,32,mathematician,3.3013357090038187,0.9797759999999999,250,250
harm,default_sweep,default,50,32,neutral_long,3.6538667723409817,0.986464,250,250
harm,default_sweep,default,50,39,default,4.085915544948367,0.9788,250,250
harm,default_sweep,default,50,39,helpful_assistant,3.969894848170989,0.978912,250,250
harm,default_sweep,default,50,39,sadist,2.5830458077755547,0.969232,250,250
harm,default_sweep,default,50,39,villain,3.1366826710544786,0.982096,250,250
harm,default_sweep,default,50,39,pathological_liar,3.2827848152902357,0.9854719999999999,250,250
harm,default_sweep,default,50,39,Aura,2.817295649923686,0.9673599999999999,250,250
harm,default_sweep,default,50,39,mathematician,3.1851860255242106,0.980768,250,250
harm,default_sweep,default,50,39,neutral_long,3.3618188036082155,0.9820319999999999,250,250
harm,default_sweep,default,50,46,default,4.152575331882565,0.9797279999999999,250,250
harm,default_sweep,default,50,46,helpful_assistant,3.9245296077455065,0.979024,250,250
harm,default_sweep,default,50,46,sadist,2.7834426847596,0.9734079999999999,250,250
harm,default_sweep,default,50,46,villain,3.2581680309554235,0.978768,250,250
harm,default_sweep,default,50,46,pathological_liar,3.239485239026359,0.979728,250,250
harm,default_sweep,default,50,46,Aura,3.055563283161281,0.970304,250,250
harm,default_sweep,default,50,46,mathematician,3.199382395873784,0.978384,250,250
harm,default_sweep,default,50,46,neutral_long,3.410762361295452,0.9800479999999999,250,250
harm,default_sweep,default,50,53,default,4.030007363935516,0.97864,250,250
harm,default_sweep,default,50,53,helpful_assistant,3.829198273414311,0.976096,250,250
harm,default_sweep,default,50,53,sadist,2.684339217162425,0.9684159999999999,250,250
harm,default_sweep,default,50,53,villain,3.2442768122167243,0.978352,250,250
harm,default_sweep,default,50,53,pathological_liar,3.170180461105784,0.979024,250,250
harm,default_sweep,default,50,53,Aura,3.095915874840713,0.968928,250,250
harm,default_sweep,default,50,53,mathematician,3.208398655029852,0.978112,250,250
harm,default_sweep,default,50,53,neutral_long,3.310505600939758,0.9792160000000001,250,250
harm,mixed_persona,mixed4,3560,25,default,4.992671951307129,0.9963519999999999,250,250
harm,mixed_persona,mixed4,3560,25,helpful_assistant,5.044845016551115,0.997536,250,250
harm,mixed_persona,mixed4,3560,25,sadist,6.354132022803503,0.999904,250,250
harm,mixed_persona,mixed4,3560,25,villain,6.583729798099979,0.999952,250,250
harm,mixed_persona,mixed4,3560,25,pathological_liar,6.59770703098508,0.9998079999999999,250,250
harm,mixed_persona,mixed4,3560,25,Aura,4.567728143073918,0.9976959999999999,250,250
harm,mixed_persona,mixed4,3560,25,mathematician,4.4080887074863915,0.998,250,250
harm,mixed_persona,mixed4,3560,25,neutral_long,5.104779007418059,0.99896,250,250
harm,mixed_persona,mixed4,3560,32,default,4.697255991510786,0.997888,250,250
harm,mixed_persona,mixed4,3560,32,helpful_assistant,4.209526228455512,0.9990559999999999,250,250
harm,mixed_persona,mixed4,3560,32,sadist,6.091615077832554,0.998944,250,250
harm,mixed_persona,mixed4,3560,32,villain,6.503853907758357,1.0,250,250
harm,mixed_persona,mixed4,3560,32,pathological_liar,6.496661780029197,0.999856,250,250
harm,mixed_persona,mixed4,3560,32,Aura,3.2019492488678836,0.989616,250,250
harm,mixed_persona,mixed4,3560,32,mathematician,4.044113828660811,0.9959520000000001,250,250
harm,mixed_persona,mixed4,3560,32,neutral_long,3.94325784925282,0.9955040000000001,250,250
harm,mixed_persona,mixed4,3560,39,default,4.366088478556978,0.998208,250,250
harm,mixed_persona,mixed4,3560,39,helpful_assistant,3.859779869030291,0.997072,250,250
harm,mixed_persona,mixed4,3560,39,sadist,5.886990102749148,0.999872,250,250
harm,mixed_persona,mixed4,3560,39,villain,5.919898093970932,0.99984,250,250
harm,mixed_persona,mixed4,3560,39,pathological_liar,5.9802419810583345,0.999728,250,250
harm,mixed_persona,mixed4,3560,39,Aura,3.6351213631906543,0.991968,250,250
harm,mixed_persona,mixed4,3560,39,mathematician,4.474670680304086,0.9976160000000001,250,250
harm,mixed_persona,mixed4,3560,39,neutral_long,4.557454533280753,0.9982719999999999,250,250
harm,mixed_persona,mixed4,3560,46,default,4.319807540355577,0.998272,250,250
harm,mixed_persona,mixed4,3560,46,helpful_assistant,4.418923822524026,0.997776,250,250
harm,mixed_persona,mixed4,3560,46,sadist,5.337777729876934,0.999776,250,250
harm,mixed_persona,mixed4,3560,46,villain,5.180553606400225,0.998928,250,250
harm,mixed_persona,mixed4,3560,46,pathological_liar,5.402331129524827,0.999328,250,250
harm,mixed_persona,mixed4,3560,46,Aura,3.102215232558927,0.991024,250,250
harm,mixed_persona,mixed4,3560,46,mathematician,3.750118354539079,0.9945120000000001,250,250
harm,mixed_persona,mixed4,3560,46,neutral_long,3.6401162210881983,0.991776,250,250
harm,mixed_persona,mixed4,3560,53,default,4.560599930783735,0.999776,250,250
harm,mixed_persona,mixed4,3560,53,helpful_assistant,4.56621735752673,0.9985120000000001,250,250
harm,mixed_persona,mixed4,3560,53,sadist,5.15295212595208,0.998864,250,250
harm,mixed_persona,mixed4,3560,53,villain,5.284968835797314,0.9995839999999999,250,250
harm,mixed_persona,mixed4,3560,53,pathological_liar,5.493049826645418,0.9994559999999999,250,250
harm,mixed_persona,mixed4,3560,53,Aura,2.560131872327639,0.9640479999999999,250,250
harm,mixed_persona,mixed4,3560,53,mathematician,3.632147507867765,0.9952160000000001,250,250
harm,mixed_persona,mixed4,3560,53,neutral_long,3.790883159832241,0.994192,250,250
harm,cross_persona,default,3560,25,default,6.762166952650131,0.99992,250,250
harm,cross_persona,default,3560,25,helpful_assistant,5.601400195093442,0.999872,250,250
harm,cross_persona,default,3560,25,sadist,2.4807215831817553,0.9641439999999999,250,250
harm,cross_persona,default,3560,25,villain,2.7371067397795876,0.978576,250,250
harm,cross_persona,default,3560,25,pathological_liar,2.4903685977250416,0.9696799999999999,250,250
harm,cross_persona,default,3560,25,Aura,2.4481704707705854,0.9599679999999999,250,250
harm,cross_persona,default,3560,25,mathematician,2.8527197871340086,0.979472,250,250
harm,cross_persona,default,3560,25,neutral_long,3.260187862821997,0.9906079999999999,250,250
harm,cross_persona,default,3560,32,default,7.204444531605552,0.999872,250,250
harm,cross_persona,default,3560,32,helpful_assistant,6.946084501872691,0.999968,250,250
harm,cross_persona,default,3560,32,sadist,1.9891138538503488,0.9268,250,250
harm,cross_persona,default,3560,32,villain,3.2677879021787426,0.9856800000000001,250,250
harm,cross_persona,default,3560,32,pathological_liar,2.0660702021136137,0.9284479999999999,250,250
harm,cross_persona,default,3560,32,Aura,1.963203735842175,0.9315199999999999,250,250
harm,cross_persona,default,3560,32,mathematician,2.059096162115995,0.92376,250,250
harm,cross_persona,default,3560,32,neutral_long,2.834456804653805,0.982672,250,250
harm,cross_persona,default,3560,39,default,6.9947013471347885,0.999904,250,250
harm,cross_persona,default,3560,39,helpful_assistant,6.134879481215908,0.9996959999999999,250,250
harm,cross_persona,default,3560,39,sadist,1.362628756554444,0.8306720000000001,250,250
harm,cross_persona,default,3560,39,villain,2.1469484442324154,0.93656,250,250
harm,cross_persona,default,3560,39,pathological_liar,2.4942844830926516,0.953456,250,250
harm,cross_persona,default,3560,39,Aura,2.665217205213969,0.95848,250,250
harm,cross_persona,default,3560,39,mathematician,3.2815831579915256,0.9865120000000001,250,250
harm,cross_persona,default,3560,39,neutral_long,3.3058044344789153,0.9819840000000001,250,250
harm,cross_persona,default,3560,46,default,7.2990657745536875,1.0,250,250
harm,cross_persona,default,3560,46,helpful_assistant,5.7065650696838555,0.999872,250,250
harm,cross_persona,default,3560,46,sadist,2.6389652429076538,0.96832,250,250
harm,cross_persona,default,3560,46,villain,2.7927534524279727,0.979024,250,250
harm,cross_persona,default,3560,46,pathological_liar,2.789520363257034,0.97352,250,250
harm,cross_persona,default,3560,46,Aura,2.058211134841117,0.9274560000000001,250,250
harm,cross_persona,default,3560,46,mathematician,3.463428571276165,0.992208,250,250
harm,cross_persona,default,3560,46,neutral_long,3.6219196888979996,0.9892,250,250
harm,cross_persona,default,3560,53,default,6.361953048436257,0.999984,250,250
harm,cross_persona,default,3560,53,helpful_assistant,5.176765775763955,0.9993599999999999,250,250
harm,cross_persona,default,3560,53,sadist,1.6834408632529432,0.881296,250,250
harm,cross_persona,default,3560,53,villain,2.133951066127714,0.93848,250,250
harm,cross_persona,default,3560,53,pathological_liar,2.1777438395897826,0.9447840000000001,250,250
harm,cross_persona,default,3560,53,Aura,1.884637552733391,0.9111680000000001,250,250
harm,cross_persona,default,3560,53,mathematician,2.355293845663836,0.947504,250,250
harm,cross_persona,default,3560,53,neutral_long,3.1304993550994467,0.983808,250,250
harm,cross_persona,helpful_assistant,3560,25,default,4.90734754007232,0.999664,250,250
harm,cross_persona,helpful_assistant,3560,25,helpful_assistant,7.287548148212711,0.999984,250,250
harm,cross_persona,helpful_assistant,3560,25,sadist,2.240964208104071,0.95672,250,250
harm,cross_persona,helpful_assistant,3560,25,villain,2.7881672385018703,0.983168,250,250
harm,cross_persona,helpful_assistant,3560,25,pathological_liar,2.1749929403955544,0.9434239999999999,250,250
harm,cross_persona,helpful_assistant,3560,25,Aura,2.1789229149729015,0.944736,250,250
harm,cross_persona,helpful_assistant,3560,25,mathematician,2.8379675636242947,0.981152,250,250
harm,cross_persona,helpful_assistant,3560,25,neutral_long,2.309216049944506,0.94928,250,250
harm,cross_persona,helpful_assistant,3560,32,default,5.884158732395426,0.999856,250,250
harm,cross_persona,helpful_assistant,3560,32,helpful_assistant,7.601803292111401,1.0,250,250
harm,cross_persona,helpful_assistant,3560,32,sadist,1.895834784718974,0.915136,250,250
harm,cross_persona,helpful_assistant,3560,32,villain,3.480911344087075,0.991104,250,250
harm,cross_persona,helpful_assistant,3560,32,pathological_liar,2.7234871877126436,0.9697760000000001,250,250
harm,cross_persona,helpful_assistant,3560,32,Aura,3.0847302422413487,0.97984,250,250
harm,cross_persona,helpful_assistant,3560,32,mathematician,3.4249748676810765,0.985152,250,250
harm,cross_persona,helpful_assistant,3560,32,neutral_long,3.257540641243259,0.9861599999999999,250,250
harm,cross_persona,helpful_assistant,3560,39,default,5.8287893245001685,0.999952,250,250
harm,cross_persona,helpful_assistant,3560,39,helpful_assistant,7.663590433346295,1.0,250,250
harm,cross_persona,helpful_assistant,3560,39,sadist,2.130020771524565,0.9386720000000001,250,250
harm,cross_persona,helpful_assistant,3560,39,villain,2.30502271546918,0.963584,250,250
harm,cross_persona,helpful_assistant,3560,39,pathological_liar,2.68944432141643,0.97112,250,250
harm,cross_persona,helpful_assistant,3560,39,Aura,1.7648766763096673,0.8877599999999999,250,250
harm,cross_persona,helpful_assistant,3560,39,mathematician,3.3028898303141436,0.989648,250,250
harm,cross_persona,helpful_assistant,3560,39,neutral_long,3.602707257322573,0.9927360000000001,250,250
harm,cross_persona,helpful_assistant,3560,46,default,5.243966370023227,0.998928,250,250
harm,cross_persona,helpful_assistant,3560,46,helpful_assistant,7.136655145684912,1.0,250,250
harm,cross_persona,helpful_assistant,3560,46,sadist,2.4917392662405278,0.95552,250,250
harm,cross_persona,helpful_assistant,3560,46,villain,3.2501800516530057,0.989712,250,250
harm,cross_persona,helpful_assistant,3560,46,pathological_liar,2.7912189755286274,0.977808,250,250
harm,cross_persona,helpful_assistant,3560,46,Aura,3.290127535519043,0.988208,250,250
harm,cross_persona,helpful_assistant,3560,46,mathematician,3.4125032320941484,0.99376,250,250
harm,cross_persona,helpful_assistant,3560,46,neutral_long,4.14615032003411,0.994496,250,250
harm,cross_persona,helpful_assistant,3560,53,default,4.487394323880869,0.997664,250,250
harm,cross_persona,helpful_assistant,3560,53,helpful_assistant,6.35527914342203,0.999888,250,250
harm,cross_persona,helpful_assistant,3560,53,sadist,1.8349743147305946,0.9049119999999999,250,250
harm,cross_persona,helpful_assistant,3560,53,villain,2.4945734183300714,0.9610399999999999,250,250
harm,cross_persona,helpful_assistant,3560,53,pathological_liar,2.7560027956247373,0.972944,250,250
harm,cross_persona,helpful_assistant,3560,53,Aura,3.0345510374188054,0.9795200000000001,250,250
harm,cross_persona,helpful_assistant,3560,53,mathematician,2.9297250850425676,0.977232,250,250
harm,cross_persona,helpful_assistant,3560,53,neutral_long,3.593320836134285,0.988544,250,250
harm,cross_persona,pathological_liar,3560,25,default,2.847895482668159,0.9739200000000001,250,250
harm,cross_persona,pathological_liar,3560,25,helpful_assistant,3.410016728651142,0.987984,250,250
harm,cross_persona,pathological_liar,3560,25,sadist,4.0963414551750486,0.994272,250,250
harm,cross_persona,pathological_liar,3560,25,villain,4.368017455767205,0.998992,250,250
harm,cross_persona,pathological_liar,3560,25,pathological_liar,6.487946230269746,0.999888,250,250
harm,cross_persona,pathological_liar,3560,25,Aura,3.5190345675626538,0.990832,250,250
harm,cross_persona,pathological_liar,3560,25,mathematician,4.071032008867857,0.99576,250,250
harm,cross_persona,pathological_liar,3560,25,neutral_long,4.574377014663468,0.997392,250,250
harm,cross_persona,pathological_liar,3560,32,default,1.806737179269705,0.90208,250,250
harm,cross_persona,pathological_liar,3560,32,helpful_assistant,3.1835666301268946,0.98432,250,250
harm,cross_persona,pathological_liar,3560,32,sadist,3.4885294359009014,0.994144,250,250
harm,cross_persona,pathological_liar,3560,32,villain,4.6313510957114605,0.9994879999999999,250,250
harm,cross_persona,pathological_liar,3560,32,pathological_liar,6.355549550775811,0.999856,250,250
harm,cross_persona,pathological_liar,3560,32,Aura,3.1313316743392234,0.985776,250,250
harm,cross_persona,pathological_liar,3560,32,mathematician,3.8294055687848476,0.995776,250,250
harm,cross_persona,pathological_liar,3560,32,neutral_long,3.335685451406773,0.9885120000000001,250,250
harm,cross_persona,pathological_liar,3560,39,default,2.3869177476471926,0.9482240000000001,250,250
harm,cross_persona,pathological_liar,3560,39,helpful_assistant,2.4001331002469515,0.955968,250,250
harm,cross_persona,pathological_liar,3560,39,sadist,2.0387221232763353,0.9331999999999999,250,250
harm,cross_persona,pathological_liar,3560,39,villain,2.8244820378739606,0.98336,250,250
harm,cross_persona,pathological_liar,3560,39,pathological_liar,5.773245035837421,0.9995999999999999,250,250
harm,cross_persona,pathological_liar,3560,39,Aura,2.113981961044084,0.9335359999999999,250,250
harm,cross_persona,pathological_liar,3560,39,mathematician,3.478150072361211,0.989888,250,250
harm,cross_persona,pathological_liar,3560,39,neutral_long,2.693266281052864,0.961904,250,250
harm,cross_persona,pathological_liar,3560,46,default,0.742045716993313,0.7012160000000001,250,250
harm,cross_persona,pathological_liar,3560,46,helpful_assistant,1.651297994395218,0.883408,250,250
harm,cross_persona,pathological_liar,3560,46,sadist,2.569333048126235,0.96304,250,250
harm,cross_persona,pathological_liar,3560,46,villain,2.7253478749449824,0.974512,250,250
harm,cross_persona,pathological_liar,3560,46,pathological_liar,5.422318865809444,0.999392,250,250
harm,cross_persona,pathological_liar,3560,46,Aura,1.427222813744494,0.849696,250,250
harm,cross_persona,pathological_liar,3560,46,mathematician,2.3855533990194786,0.960464,250,250
harm,cross_persona,pathological_liar,3560,46,neutral_long,2.3104005657990405,0.95192,250,250
harm,cross_persona,pathological_liar,3560,53,default,2.6288328635510214,0.961024,250,250
harm,cross_persona,pathological_liar,3560,53,helpful_assistant,2.3342983576285494,0.947456,250,250
harm,cross_persona,pathological_liar,3560,53,sadist,2.5143401745602363,0.96312,250,250
harm,cross_persona,pathological_liar,3560,53,villain,3.465346591222707,0.992336,250,250
harm,cross_persona,pathological_liar,3560,53,pathological_liar,5.285125622104951,0.998096,250,250
harm,cross_persona,pathological_liar,3560,53,Aura,2.4574559744336226,0.959376,250,250
harm,cross_persona,pathological_liar,3560,53,mathematician,2.9418827189099632,0.980112,250,250
harm,cross_persona,pathological_liar,3560,53,neutral_long,2.94992410902524,0.9774879999999999,250,250
harm,cross_persona,sadist,3560,25,default,1.3907102660390804,0.8400320000000001,250,250
harm,cross_persona,sadist,3560,25,helpful_assistant,1.301083477177036,0.8297920000000001,250,250
harm,cross_persona,sadist,3560,25,sadist,6.457104488364644,0.9999359999999999,250,250
harm,cross_persona,sadist,3560,25,villain,4.03526178129701,0.9957280000000001,250,250
harm,cross_persona,sadist,3560,25,pathological_liar,2.579561464865515,0.970272,250,250
harm,cross_persona,sadist,3560,25,Aura,2.7680797005301563,0.976576,250,250
harm,cross_persona,sadist,3560,25,mathematician,2.438348927470646,0.965568,250,250
harm,cross_persona,sadist,3560,25,neutral_long,2.9438388168970424,0.97616,250,250
harm,cross_persona,sadist,3560,32,default,2.284529328198794,0.950208,250,250
harm,cross_persona,sadist,3560,32,helpful_assistant,1.8829348180560648,0.91744,250,250
harm,cross_persona,sadist,3560,32,sadist,5.499234027783785,0.99568,250,250
harm,cross_persona,sadist,3560,32,villain,3.7443974944767113,0.990896,250,250
harm,cross_persona,sadist,3560,32,pathological_liar,2.65104075930404,0.9645119999999999,250,250
harm,cross_persona,sadist,3560,32,Aura,3.020480883891808,0.976624,250,250
harm,cross_persona,sadist,3560,32,mathematician,2.753263233368547,0.974672,250,250
harm,cross_persona,sadist,3560,32,neutral_long,2.9592257453367874,0.984352,250,250
harm,cross_persona,sadist,3560,39,default,1.520736098501008,0.857536,250,250
harm,cross_persona,sadist,3560,39,helpful_assistant,2.156257149461327,0.941088,250,250
harm,cross_persona,sadist,3560,39,sadist,5.61543145744052,0.99944,250,250
harm,cross_persona,sadist,3560,39,villain,4.341452401616357,0.998336,250,250
harm,cross_persona,sadist,3560,39,pathological_liar,3.482462630392375,0.986688,250,250
harm,cross_persona,sadist,3560,39,Aura,2.743190996686463,0.968352,250,250
harm,cross_persona,sadist,3560,39,mathematician,3.145397523374403,0.9808,250,250
harm,cross_persona,sadist,3560,39,neutral_long,3.250557372709273,0.986272,250,250
harm,cross_persona,sadist,3560,46,default,1.9315409467140103,0.9156479999999999,250,250
harm,cross_persona,sadist,3560,46,helpful_assistant,1.9854185432283002,0.9244800000000001,250,250
harm,cross_persona,sadist,3560,46,sadist,5.374194320314618,0.994256,250,250
harm,cross_persona,sadist,3560,46,villain,3.6343091056803867,0.989168,250,250
harm,cross_persona,sadist,3560,46,pathological_liar,2.853061470355903,0.975504,250,250
harm,cross_persona,sadist,3560,46,Aura,2.5095652105045247,0.9596639999999999,250,250
harm,cross_persona,sadist,3560,46,mathematician,2.826700637487669,0.9708319999999999,250,250
harm,cross_persona,sadist,3560,46,neutral_long,2.738897273264976,0.96864,250,250
harm,cross_persona,sadist,3560,53,default,2.106956974336652,0.932032,250,250
harm,cross_persona,sadist,3560,53,helpful_assistant,2.584207529395323,0.96544,250,250
harm,cross_persona,sadist,3560,53,sadist,5.637456937545004,0.9991680000000001,250,250
harm,cross_persona,sadist,3560,53,villain,4.020732925106643,0.991984,250,250
harm,cross_persona,sadist,3560,53,pathological_liar,3.2212353099614313,0.9864,250,250
harm,cross_persona,sadist,3560,53,Aura,2.4670466666822737,0.954752,250,250
harm,cross_persona,sadist,3560,53,mathematician,2.8848863015926365,0.974672,250,250
harm,cross_persona,sadist,3560,53,neutral_long,2.8111666808662235,0.9774400000000001,250,250
harm,cross_persona,villain,3560,25,default,1.9509378717851587,0.9245279999999999,250,250
harm,cross_persona,villain,3560,25,helpful_assistant,2.7020360473228267,0.9796320000000001,250,250
harm,cross_persona,villain,3560,25,sadist,4.662897895339808,0.999008,250,250
harm,cross_persona,villain,3560,25,villain,6.609230627614983,1.0,250,250
harm,cross_persona,villain,3560,25,pathological_liar,4.458712093031642,0.99952,250,250
harm,cross_persona,villain,3560,25,Aura,3.5988609584112297,0.995536,250,250
harm,cross_persona,villain,3560,25,mathematician,3.4657003917301252,0.99344,250,250
harm,cross_persona,villain,3560,25,neutral_long,3.432359064405548,0.9938079999999999,250,250
harm,cross_persona,villain,3560,32,default,2.1737225637226594,0.930432,250,250
harm,cross_persona,villain,3560,32,helpful_assistant,2.6647593894156603,0.964144,250,250
harm,cross_persona,villain,3560,32,sadist,4.691018934989375,0.999776,250,250
harm,cross_persona,villain,3560,32,villain,6.70529699741667,1.0,250,250
harm,cross_persona,villain,3560,32,pathological_liar,4.0177121344100915,0.990752,250,250
harm,cross_persona,villain,3560,32,Aura,3.17033084520646,0.982688,250,250
harm,cross_persona,villain,3560,32,mathematician,3.395774512640774,0.985648,250,250
harm,cross_persona,villain,3560,32,neutral_long,3.0519893369466153,0.977376,250,250
harm,cross_persona,villain,3560,39,default,2.473599026508843,0.9566079999999999,250,250
harm,cross_persona,villain,3560,39,helpful_assistant,3.1603046159593036,0.985536,250,250
harm,cross_persona,villain,3560,39,sadist,3.8916931477565853,0.9969600000000001,250,250
harm,cross_persona,villain,3560,39,villain,6.354907009361738,0.999984,250,250
harm,cross_persona,villain,3560,39,pathological_liar,3.180379025799755,0.981888,250,250
harm,cross_persona,villain,3560,39,Aura,3.0388844765014524,0.9825600000000001,250,250
harm,cross_persona,villain,3560,39,mathematician,3.7181857814902295,0.9872799999999999,250,250
harm,cross_persona,villain,3560,39,neutral_long,3.929231453733169,0.992688,250,250
harm,cross_persona,villain,3560,46,default,2.109711732581445,0.9272640000000001,250,250
harm,cross_persona,villain,3560,46,helpful_assistant,2.4282160955807366,0.9542559999999999,250,250
harm,cross_persona,villain,3560,46,sadist,4.325902870422872,0.9969600000000001,250,250
harm,cross_persona,villain,3560,46,villain,6.226510182286469,0.99992,250,250
harm,cross_persona,villain,3560,46,pathological_liar,3.5488310609780336,0.9884160000000001,250,250
harm,cross_persona,villain,3560,46,Aura,1.5263836007029115,0.8568,250,250
harm,cross_persona,villain,3560,46,mathematician,1.3497419457443358,0.826912,250,250
harm,cross_persona,villain,3560,46,neutral_long,2.0648426136139624,0.926672,250,250
harm,cross_persona,villain,3560,53,default,2.7997758524093515,0.9734559999999999,250,250
harm,cross_persona,villain,3560,53,helpful_assistant,3.6318338925142446,0.9913599999999999,250,250
harm,cross_persona,villain,3560,53,sadist,3.3653332865510026,0.9927840000000001,250,250
harm,cross_persona,villain,3560,53,villain,6.146770914639292,0.99936,250,250
harm,cross_persona,villain,3560,53,pathological_liar,4.252600782683611,0.996112,250,250
harm,cross_persona,villain,3560,53,Aura,2.4881363801086245,0.956432,250,250
harm,cross_persona,villain,3560,53,mathematician,3.01751378275314,0.97672,250,250
harm,cross_persona,villain,3560,53,neutral_long,2.8759685838358293,0.972128,250,250
truth,default_sweep,default,1000,25,default,2.2117160438050893,0.940368,250,250
truth,default_sweep,default,1000,25,helpful_assistant,1.8276850938712152,0.9038400000000002,250,250
truth,default_sweep,default,1000,25,sadist,1.326263685103837,0.8277439999999999,250,250
truth,default_sweep,default,1000,25,villain,1.1737917007407004,0.800176,250,250
truth,default_sweep,default,1000,25,pathological_liar,0.8697720455668788,0.74856,250,250
truth,default_sweep,default,1000,25,Aura,1.0634620260702161,0.781088,250,250
truth,default_sweep,default,1000,25,mathematician,1.123790298422897,0.794816,250,250
truth,default_sweep,default,1000,25,neutral_long,0.9831221420134945,0.762352,250,250
truth,default_sweep,default,1000,32,default,3.338043697163443,0.982944,250,250
truth,default_sweep,default,1000,32,helpful_assistant,2.550169839631944,0.962288,250,250
truth,default_sweep,default,1000,32,sadist,0.6656104252296455,0.67912,250,250
truth,default_sweep,default,1000,32,villain,0.864569602790584,0.727904,250,250
truth,default_sweep,default,1000,32,pathological_liar,0.3223470816601379,0.6064959999999999,250,250
truth,default_sweep,default,1000,32,Aura,1.2743654616091258,0.8168,250,250
truth,default_sweep,default,1000,32,mathematician,0.9942004034582245,0.7562880000000001,250,250
truth,default_sweep,default,1000,32,neutral_long,0.8975110157228297,0.73792,250,250
truth,default_sweep,default,1000,39,default,3.075685073848145,0.9728640000000001,250,250
truth,default_sweep,default,1000,39,helpful_assistant,2.9088056252640238,0.976016,250,250
truth,default_sweep,default,1000,39,sadist,-0.2050904709644402,0.448256,250,250
truth,default_sweep,default,1000,39,villain,0.29050801116505187,0.584608,250,250
truth,default_sweep,default,1000,39,pathological_liar,0.49335565421899363,0.655424,250,250
truth,default_sweep,default,1000,39,Aura,0.5981605355250414,0.660768,250,250
truth,default_sweep,default,1000,39,mathematician,0.5986734881546458,0.65104,250,250
truth,default_sweep,default,1000,39,neutral_long,1.003216788109524,0.757888,250,250
truth,default_sweep,default,1000,46,default,3.005751981355845,0.967472,250,250
truth,default_sweep,default,1000,46,helpful_assistant,2.791723757407272,0.962496,250,250
truth,default_sweep,default,1000,46,sadist,-0.08396053073311643,0.481568,250,250
truth,default_sweep,default,1000,46,villain,1.2672497674282013,0.8133279999999998,250,250
truth,default_sweep,default,1000,46,pathological_liar,-0.2365985544516256,0.44255999999999995,250,250
truth,default_sweep,default,1000,46,Aura,0.8156689238411424,0.7311999999999997,250,250
truth,default_sweep,default,1000,46,mathematician,0.3459675186549871,0.5955999999999999,250,250
truth,default_sweep,default,1000,46,neutral_long,1.2685336073994335,0.8144480000000001,250,250
truth,default_sweep,default,1000,53,default,3.23490650828555,0.97592,250,250
truth,default_sweep,default,1000,53,helpful_assistant,2.8438442726518725,0.967072,250,250
truth,default_sweep,default,1000,53,sadist,0.24812198471909272,0.571472,250,250
truth,default_sweep,default,1000,53,villain,0.9654961840357317,0.75568,250,250
truth,default_sweep,default,1000,53,pathological_liar,-0.7563022805945627,0.298528,250,250
truth,default_sweep,default,1000,53,Aura,1.172798062792032,0.8011199999999999,250,250
truth,default_sweep,default,1000,53,mathematician,0.9986567600814065,0.762736,250,250
truth,default_sweep,default,1000,53,neutral_long,0.7060182809906325,0.688288,250,250
truth,default_sweep,default,200,25,default,2.2642055845863576,0.9385759999999999,250,250
truth,default_sweep,default,200,25,helpful_assistant,2.175181149439316,0.930016,250,250
truth,default_sweep,default,200,25,sadist,1.7557541996986308,0.8947680000000001,250,250
truth,default_sweep,default,200,25,villain,1.789871300142327,0.897744,250,250
truth,default_sweep,default,200,25,pathological_liar,1.5540843890544045,0.8698400000000002,250,250
truth,default_sweep,default,200,25,Aura,1.8797293524760597,0.903936,250,250
truth,default_sweep,default,200,25,mathematician,1.7220483962930686,0.8886240000000001,250,250
truth,default_sweep,default,200,25,neutral_long,1.6510443674308024,0.8811840000000001,250,250
truth,default_sweep,default,200,32,default,3.3418775800711336,0.982368,250,250
truth,default_sweep,default,200,32,helpful_assistant,3.0038302403193224,0.9701759999999999,250,250
truth,default_sweep,default,200,32,sadist,1.616702744563116,0.8796799999999999,250,250
truth,default_sweep,default,200,32,villain,1.783765115551569,0.8988,250,250
truth,default_sweep,default,200,32,pathological_liar,0.21324474514626135,0.55704,250,250
truth,default_sweep,default,200,32,Aura,2.257529730955966,0.9425760000000001,250,250
truth,default_sweep,default,200,32,mathematician,2.035145588020353,0.9224479999999999,250,250
truth,default_sweep,default,200,32,neutral_long,2.110063650911486,0.930976,250,250
truth,default_sweep,default,200,39,default,3.369464460340062,0.981936,250,250
truth,default_sweep,default,200,39,helpful_assistant,2.9171218054461887,0.9670400000000001,250,250
truth,default_sweep,default,200,39,sadist,1.1509922837932882,0.7976,250,250
truth,default_sweep,default,200,39,villain,1.739115022434471,0.89456,250,250
truth,default_sweep,default,200,39,pathological_liar,0.29495765410257563,0.57336,250,250
truth,default_sweep,default,200,39,Aura,1.5662751711226748,0.868976,250,250
truth,default_sweep,default,200,39,mathematician,1.6205531903423203,0.879424,250,250
truth,default_sweep,default,200,39,neutral_long,1.9700327619578606,0.912208,250,250
truth,default_sweep,default,200,46,default,3.284044409410767,0.9766400000000001,250,250
truth,default_sweep,default,200,46,helpful_assistant,0.9375170746791941,0.746976,250,250
truth,default_sweep,default,200,46,sadist,0.8423135924652204,0.7268479999999999,250,250
truth,default_sweep,default,200,46,villain,1.4005407342542477,0.845168,250,250
truth,default_sweep,default,200,46,pathological_liar,0.640390718495865,0.67504,250,250
truth,default_sweep,default,200,46,Aura,1.139402572990904,0.8018080000000001,250,250
truth,default_sweep,default,200,46,mathematician,1.1638924642856465,0.805648,250,250
truth,default_sweep,default,200,46,neutral_long,1.4335984437423468,0.852352,250,250
truth,default_sweep,default,200,53,default,3.2105402610097933,0.97752,250,250
truth,default_sweep,default,200,53,helpful_assistant,1.8746944438208595,0.912288,250,250
truth,default_sweep,default,200,53,sadist,0.7836143599364377,0.7127839999999999,250,250
truth,default_sweep,default,200,53,villain,1.5599485088674057,0.86976,250,250
truth,default_sweep,default,200,53,pathological_liar,-0.3667374028355374,0.386656,250,250
truth,default_sweep,default,200,53,Aura,1.3463826348458219,0.827936,250,250
truth,default_sweep,default,200,53,mathematician,1.6376221182069404,0.884864,250,250
truth,default_sweep,default,200,53,neutral_long,1.0804882784860228,0.775248,250,250
truth,default_sweep,default,4000,25,default,1.1189598611720462,0.807584,250,250
truth,default_sweep,default,4000,25,helpful_assistant,0.8001562304510531,0.72064,250,250
truth,default_sweep,default,4000,25,sadist,0.5892222989113557,0.6608959999999999,250,250
truth,default_sweep,default,4000,25,villain,0.6274093295271275,0.6748639999999999,250,250
truth,default_sweep,default,4000,25,pathological_liar,0.7364958740554075,0.721664,250,250
truth,default_sweep,default,4000,25,Aura,0.5902765343792261,0.661552,250,250
truth,default_sweep,default,4000,25,mathematician,0.5927317192976003,0.666208,250,250
truth,default_sweep,default,4000,25,neutral_long,0.48159062423909815,0.633072,250,250
truth,default_sweep,default,4000,32,default,1.8491114713219095,0.9054719999999999,250,250
truth,default_sweep,default,4000,32,helpful_assistant,2.142353388993536,0.929312,250,250
truth,default_sweep,default,4000,32,sadist,0.1874441646428444,0.550848,250,250
truth,default_sweep,default,4000,32,villain,0.7272842786748082,0.701328,250,250
truth,default_sweep,default,4000,32,pathological_liar,0.392937038247328,0.62248,250,250
truth,default_sweep,default,4000,32,Aura,0.4920007153151222,0.637136,250,250
truth,default_sweep,default,4000,32,mathematician,0.6775898586912157,0.689536,250,250
truth,default_sweep,default,4000,32,neutral_long,-0.2893708134664881,0.424288,250,250
truth,default_sweep,default,4000,39,default,1.892055666060241,0.9201119999999999,250,250
truth,default_sweep,default,4000,39,helpful_assistant,0.3310061937405008,0.602608,250,250
truth,default_sweep,default,4000,39,sadist,-0.712791285955809,0.31180800000000003,250,250
truth,default_sweep,default,4000,39,villain,-0.48194323518782506,0.369552,250,250
truth,default_sweep,default,4000,39,pathological_liar,-1.1211157267031062,0.20945599999999998,250,250
truth,default_sweep,default,4000,39,Aura,-1.048728482012203,0.23070399999999996,250,250
truth,default_sweep,default,4000,39,mathematician,-0.5230830130020314,0.35416000000000003,250,250
truth,default_sweep,default,4000,39,neutral_long,-0.5107349782469175,0.349504,250,250
truth,default_sweep,default,4000,46,default,1.699214587397927,0.899024,250,250
truth,default_sweep,default,4000,46,helpful_assistant,-0.4087007651081626,0.378896,250,250
truth,default_sweep,default,4000,46,sadist,-0.18947097615254496,0.44980800000000004,250,250
truth,default_sweep,default,4000,46,villain,-0.9139154961881557,0.2572,250,250
truth,default_sweep,default,4000,46,pathological_liar,0.8952832509629906,0.74912,250,250
truth,default_sweep,default,4000,46,Aura,0.5553809352788327,0.66192,250,250
truth,default_sweep,default,4000,46,mathematician,-0.8443964860990482,0.26811199999999996,250,250
truth,default_sweep,default,4000,46,neutral_long,-0.36937217221749963,0.38502400000000003,250,250
truth,default_sweep,default,4000,53,default,1.881272125055231,0.9034719999999999,250,250
truth,default_sweep,default,4000,53,helpful_assistant,0.738130205183234,0.6965760000000001,250,250
truth,default_sweep,default,4000,53,sadist,0.7045631662351133,0.6897280000000001,250,250
truth,default_sweep,default,4000,53,villain,0.6671341475608354,0.6826080000000001,250,250
truth,default_sweep,default,4000,53,pathological_liar,0.5322062427100078,0.6435200000000001,250,250
truth,default_sweep,default,4000,53,Aura,-0.035889199255955434,0.504336,250,250
truth,default_sweep,default,4000,53,mathematician,0.0475219432989423,0.516432,250,250
truth,default_sweep,default,4000,53,neutral_long,0.2741283520856583,0.57744,250,250
truth,default_sweep,default,50,25,default,2.2380642916884277,0.939568,250,250
truth,default_sweep,default,50,25,helpful_assistant,2.1800217053102373,0.9339839999999999,250,250
truth,default_sweep,default,50,25,sadist,1.3979238049269287,0.8377760000000001,250,250
truth,default_sweep,default,50,25,villain,1.43682052218687,0.844128,250,250
truth,default_sweep,default,50,25,pathological_liar,1.2310441972588158,0.814368,250,250
truth,default_sweep,default,50,25,Aura,1.7742240829658478,0.893984,250,250
truth,default_sweep,default,50,25,mathematician,1.6500244384609326,0.8802239999999999,250,250
truth,default_sweep,default,50,25,neutral_long,1.5940529639259369,0.868608,250,250
truth,default_sweep,default,50,32,default,3.130213348140094,0.976896,250,250
truth,default_sweep,default,50,32,helpful_assistant,3.267059689744758,0.976896,250,250
truth,default_sweep,default,50,32,sadist,1.5069645740527213,0.8565119999999999,250,250
truth,default_sweep,default,50,32,villain,2.1845494021077165,0.928304,250,250
truth,default_sweep,default,50,32,pathological_liar,1.2250297578491318,0.8061119999999999,250,250
truth,default_sweep,default,50,32,Aura,2.38794899104334,0.947776,250,250
truth,default_sweep,default,50,32,mathematician,2.299703238026614,0.939904,250,250
truth,default_sweep,default,50,32,neutral_long,2.482021620552133,0.9485919999999999,250,250
truth,default_sweep,default,50,39,default,3.0317214676465816,0.972336,250,250
truth,default_sweep,default,50,39,helpful_assistant,3.2942040029864255,0.9769599999999999,250,250
truth,default_sweep,default,50,39,sadist,1.2981555883054225,0.8211679999999999,250,250
truth,default_sweep,default,50,39,villain,2.183182503344347,0.929152,250,250
truth,default_sweep,default,50,39,pathological_liar,1.8728406858869902,0.90744,250,250
truth,default_sweep,default,50,39,Aura,1.8843710289660769,0.902128,250,250
truth,default_sweep,default,50,39,mathematician,2.004642075153612,0.91784,250,250
truth,default_sweep,default,50,39,neutral_long,2.036652510861721,0.918256,250,250
truth,default_sweep,default,50,46,default,3.1765606441745518,0.976576,250,250
truth,default_sweep,default,50,46,helpful_assistant,3.09552137892718,0.974144,250,250
truth,default_sweep,default,50,46,sadist,0.7019491534244016,0.699952,250,250
truth,default_sweep,default,50,46,villain,1.448451929886871,0.847856,250,250
truth,default_sweep,default,50,46,pathological_liar,0.07542112732024724,0.512864,250,250
truth,default_sweep,default,50,46,Aura,1.7449389954193977,0.89712,250,250
truth,default_sweep,default,50,46,mathematician,1.534882384469358,0.86304,250,250
truth,default_sweep,default,50,46,neutral_long,1.9263482155654457,0.907248,250,250
truth,default_sweep,default,50,53,default,3.1561623585263483,0.974976,250,250
truth,default_sweep,default,50,53,helpful_assistant,2.9217037961069976,0.967328,250,250
truth,default_sweep,default,50,53,sadist,0.8500066112461645,0.730256,250,250
truth,default_sweep,default,50,53,villain,1.6966674800160102,0.8817119999999999,250,250
truth,default_sweep,default,50,53,pathological_liar,-0.02269087060153324,0.48656,250,250
truth,default_sweep,default,50,53,Aura,1.7115822275317487,0.89744,250,250
truth,default_sweep,default,50,53,mathematician,1.6838279441374637,0.8867839999999999,250,250
truth,default_sweep,default,50,53,neutral_long,1.4207269220120593,0.8423680000000001,250,250
truth,mixed_persona,mixed4,4000,25,default,0.673169923584285,0.6936960000000001,250,250
truth,mixed_persona,mixed4,4000,25,helpful_assistant,0.593616822241811,0.674928,250,250
truth,mixed_persona,mixed4,4000,25,sadist,1.0399677540495678,0.7791999999999999,250,250
truth,mixed_persona,mixed4,4000,25,villain,0.9988460712806241,0.7755999999999998,250,250
truth,mixed_persona,mixed4,4000,25,pathological_liar,1.1551226235491503,0.808128,250,250
truth,mixed_persona,mixed4,4000,25,Aura,0.5055479206713628,0.63952,250,250
truth,mixed_persona,mixed4,4000,25,mathematician,0.3775023893760659,0.6082400000000001,250,250
truth,mixed_persona,mixed4,4000,25,neutral_long,0.7520081131460052,0.7021280000000001,250,250
truth,mixed_persona,mixed4,4000,32,default,1.455153150486246,0.854848,250,250
truth,mixed_persona,mixed4,4000,32,helpful_assistant,1.2506930645902143,0.8126399999999999,250,250
truth,mixed_persona,mixed4,4000,32,sadist,1.787073201759844,0.8981279999999999,250,250
truth,mixed_persona,mixed4,4000,32,villain,1.8858970558441925,0.913776,250,250
truth,mixed_persona,mixed4,4000,32,pathological_liar,2.170810281217328,0.939952,250,250
truth,mixed_persona,mixed4,4000,32,Aura,1.5053485185800168,0.8621280000000001,250,250
truth,mixed_persona,mixed4,4000,32,mathematician,0.8626695652796683,0.73248,250,250
truth,mixed_persona,mixed4,4000,32,neutral_long,1.6358750701884486,0.879424,250,250
truth,mixed_persona,mixed4,4000,39,default,1.2287554276334842,0.819424,250,250
truth,mixed_persona,mixed4,4000,39,helpful_assistant,0.05260353004848425,0.51752,250,250
truth,mixed_persona,mixed4,4000,39,sadist,1.7730768603649487,0.8985920000000001,250,250
truth,mixed_persona,mixed4,4000,39,villain,1.7766917328348222,0.8988480000000001,250,250
truth,mixed_persona,mixed4,4000,39,pathological_liar,2.1777189860898036,0.9403519999999999,250,250
truth,mixed_persona,mixed4,4000,39,Aura,0.4438857892185389,0.6324639999999999,250,250
truth,mixed_persona,mixed4,4000,39,mathematician,0.09730166493048732,0.510272,250,250
truth,mixed_persona,mixed4,4000,39,neutral_long,0.09646089611692132,0.535552,250,250
truth,mixed_persona,mixed4,4000,46,default,1.2456399418216293,0.8311040000000001,250,250
truth,mixed_persona,mixed4,4000,46,helpful_assistant,-0.31319102599306536,0.399664,250,250
truth,mixed_persona,mixed4,4000,46,sadist,1.575330742588852,0.870288,250,250
truth,mixed_persona,mixed4,4000,46,villain,1.7255631926854933,0.8873599999999999,250,250
truth,mixed_persona,mixed4,4000,46,pathological_liar,1.848401323376792,0.906352,250,250
truth,mixed_persona,mixed4,4000,46,Aura,-0.15317981291842658,0.454832,250,250
truth,mixed_persona,mixed4,4000,46,mathematician,1.5475865491827483,0.873856,250,250
truth,mixed_persona,mixed4,4000,46,neutral_long,0.5490260796584623,0.6514719999999999,250,250
truth,mixed_persona,mixed4,4000,53,default,1.124582410650506,0.795248,250,250
truth,mixed_persona,mixed4,4000,53,helpful_assistant,-0.04318143586727383,0.48323199999999994,250,250
truth,mixed_persona,mixed4,4000,53,sadist,1.3449844584117643,0.8366399999999998,250,250
truth,mixed_persona,mixed4,4000,53,villain,1.2913023194538207,0.823536,250,250
truth,mixed_persona,mixed4,4000,53,pathological_liar,1.7162150628532775,0.885776,250,250
truth,mixed_persona,mixed4,4000,53,Aura,0.12948059380199564,0.5361119999999999,250,250
truth,mixed_persona,mixed4,4000,53,mathematician,-0.2816767043083647,0.43328,250,250
truth,mixed_persona,mixed4,4000,53,neutral_long,1.0071970742729424,0.76312,250,250
truth,cross_persona,default,4000,25,default,1.7891673282442013,0.9039039999999999,250,250
truth,cross_persona,default,4000,25,helpful_assistant,1.3119502190328967,0.8217920000000001,250,250
truth,cross_persona,default,4000,25,sadist,0.7715887370125722,0.709592,250,250
truth,cross_persona,default,4000,25,villain,0.8210174368550642,0.7243200000000001,250,250
truth,cross_persona,default,4000,25,pathological_liar,0.9276928324227197,0.760464,250,250
truth,cross_persona,default,4000,25,Aura,0.8690699830857813,0.7302879999999998,250,250
truth,cross_persona,default,4000,25,mathematician,0.6127280102795336,0.67104,250,250
truth,cross_persona,default,4000,25,neutral_long,0.632600130694054,0.6737920000000002,250,250
truth,cross_persona,default,4000,32,default,1.8483919293820084,0.9057120000000001,250,250
truth,cross_persona,default,4000,32,helpful_assistant,2.1455613334624726,0.9295199999999999,250,250
truth,cross_persona,default,4000,32,sadist,0.1780272460493211,0.54768,250,250
truth,cross_persona,default,4000,32,villain,0.7191075220250724,0.699328,250,250
truth,cross_persona,default,4000,32,pathological_liar,0.38159360978428153,0.61928,250,250
truth,cross_persona,default,4000,32,Aura,0.4834239903526357,0.635008,250,250
truth,cross_persona,default,4000,32,mathematician,0.6688458921909753,0.6878879999999999,250,250
truth,cross_persona,default,4000,32,neutral_long,-0.29669903893743627,0.422736,250,250
truth,cross_persona,default,4000,39,default,1.9596047140194486,0.9238879999999999,250,250
truth,cross_persona,default,4000,39,helpful_assistant,0.4471538190183677,0.6325120000000001,250,250
truth,cross_persona,default,4000,39,sadist,-0.7906424795507367,0.29243199999999997,250,250
truth,cross_persona,default,4000,39,villain,-0.4329174558849298,0.383296,250,250
truth,cross_persona,default,4000,39,pathological_liar,-1.366186642957464,0.163344,250,250
truth,cross_persona,default,4000,39,Aura,-1.0045361165459337,0.24209599999999998,250,250
truth,cross_persona,default,4000,39,mathematician,-0.39005799087765325,0.3912,250,250
truth,cross_persona,default,4000,39,neutral_long,-0.6193183851834521,0.325488,250,250
truth,cross_persona,default,4000,46,default,1.7170906910935904,0.8970560000000001,250,250
truth,cross_persona,default,4000,46,helpful_assistant,-0.4152662521073094,0.37860800000000006,250,250
truth,cross_persona,default,4000,46,sadist,-0.15444932543726608,0.4632,250,250
truth,cross_persona,default,4000,46,villain,-0.7927232616315869,0.286816,250,250
truth,cross_persona,default,4000,46,pathological_liar,0.817459063107097,0.729776,250,250
truth,cross_persona,default,4000,46,Aura,0.6075248141683534,0.6768959999999999,250,250
truth,cross_persona,default,4000,46,mathematician,-0.7571018509068872,0.288736,250,250
truth,cross_persona,default,4000,46,neutral_long,-0.36417280593369034,0.38524800000000003,250,250
truth,cross_persona,default,4000,53,default,1.877339943494388,0.9030400000000001,250,250
truth,cross_persona,default,4000,53,helpful_assistant,0.7319830656854172,0.6949440000000001,250,250
truth,cross_persona,default,4000,53,sadist,0.706284401832326,0.689808,250,250
truth,cross_persona,default,4000,53,villain,0.6754964176742048,0.6843359999999999,250,250
truth,cross_persona,default,4000,53,pathological_liar,0.5254240976952969,0.6415039999999999,250,250
truth,cross_persona,default,4000,53,Aura,-0.0351310099715725,0.504896,250,250
truth,cross_persona,default,4000,53,mathematician,0.04850865976805774,0.516768,250,250
truth,cross_persona,default,4000,53,neutral_long,0.297232665999909,0.584176,250,250
truth,cross_persona,helpful_assistant,4000,25,default,-0.18713398174661328,0.44616,250,250
truth,cross_persona,helpful_assistant,4000,25,helpful_assistant,1.1100564268007693,0.7973600000000001,250,250
truth,cross_persona,helpful_assistant,4000,25,sadist,0.9329137452214069,0.749888,250,250
truth,cross_persona,helpful_assistant,4000,25,villain,0.9710099655389709,0.768384,250,250
truth,cross_persona,helpful_assistant,4000,25,pathological_liar,0.5431584197131372,0.660304,250,250
truth,cross_persona,helpful_assistant,4000,25,Aura,0.9266460582315992,0.740864,250,250
truth,cross_persona,helpful_assistant,4000,25,mathematician,0.3535226995660717,0.6023520000000001,250,250
truth,cross_persona,helpful_assistant,4000,25,neutral_long,0.16536012870342814,0.5495840000000001,250,250
truth,cross_persona,helpful_assistant,4000,32,default,-0.0625085977857064,0.49056,250,250
truth,cross_persona,helpful_assistant,4000,32,helpful_assistant,1.809943200691573,0.9096000000000001,250,250
truth,cross_persona,helpful_assistant,4000,32,sadist,0.6339847928866733,0.669872,250,250
truth,cross_persona,helpful_assistant,4000,32,villain,1.1859542606131097,0.813232,250,250
truth,cross_persona,helpful_assistant,4000,32,pathological_liar,0.7745214181688469,0.73392,250,250
truth,cross_persona,helpful_assistant,4000,32,Aura,0.5803859076391216,0.661632,250,250
truth,cross_persona,helpful_assistant,4000,32,mathematician,-0.773181256784631,0.29803199999999996,250,250
truth,cross_persona,helpful_assistant,4000,32,neutral_long,-0.7845982019635761,0.28896000000000005,250,250
truth,cross_persona,helpful_assistant,4000,39,default,0.014256672678666078,0.518464,250,250
truth,cross_persona,helpful_assistant,4000,39,helpful_assistant,1.9728195120558858,0.924624,250,250
truth,cross_persona,helpful_assistant,4000,39,sadist,0.3379788082124497,0.595696,250,250
truth,cross_persona,helpful_assistant,4000,39,villain,0.7467766008041761,0.7082879999999999,250,250
truth,cross_persona,helpful_assistant,4000,39,pathological_liar,1.3360904690185877,0.834384,250,250
truth,cross_persona,helpful_assistant,4000,39,Aura,-0.44780753455772304,0.38227200000000006,250,250
truth,cross_persona,helpful_assistant,4000,39,mathematician,0.19635667733308457,0.5555840000000001,250,250
truth,cross_persona,helpful_assistant,4000,39,neutral_long,0.6933309454790682,0.6872480000000001,250,250
truth,cross_persona,helpful_assistant,4000,46,default,0.5066543468355199,0.6478079999999999,250,250
truth,cross_persona,helpful_assistant,4000,46,helpful_assistant,1.6824016144688911,0.90264,250,250
truth,cross_persona,helpful_assistant,4000,46,sadist,-0.13337661763649358,0.46243200000000007,250,250
truth,cross_persona,helpful_assistant,4000,46,villain,0.08131337467601284,0.511824,250,250
truth,cross_persona,helpful_assistant,4000,46,pathological_liar,-0.05679807726563213,0.4996320000000001,250,250
truth,cross_persona,helpful_assistant,4000,46,Aura,0.40661953264125983,0.6228959999999999,250,250
truth,cross_persona,helpful_assistant,4000,46,mathematician,0.28448290316691255,0.5629919999999999,250,250
truth,cross_persona,helpful_assistant,4000,46,neutral_long,-0.23684161447314359,0.42366400000000004,250,250
truth,cross_persona,helpful_assistant,4000,53,default,0.0772923491680488,0.537424,250,250
truth,cross_persona,helpful_assistant,4000,53,helpful_assistant,1.8228397444385864,0.9122399999999999,250,250
truth,cross_persona,helpful_assistant,4000,53,sadist,0.04531137061944294,0.514256,250,250
truth,cross_persona,helpful_assistant,4000,53,villain,0.6334531584933952,0.6686079999999999,250,250
truth,cross_persona,helpful_assistant,4000,53,pathological_liar,-0.7706614214448559,0.28579200000000005,250,250
truth,cross_persona,helpful_assistant,4000,53,Aura,0.5574737559264767,0.648016,250,250
truth,cross_persona,helpful_assistant,4000,53,mathematician,0.04733381235801841,0.5012319999999999,250,250
truth,cross_persona,helpful_assistant,4000,53,neutral_long,-0.04493817603548485,0.480496,250,250
truth,cross_persona,pathological_liar,4000,25,default,-0.4411065357422465,0.392688,250,250
truth,cross_persona,pathological_liar,4000,25,helpful_assistant,-0.8286216198584784,0.279744,250,250
truth,cross_persona,pathological_liar,4000,25,sadist,-0.11781295754143334,0.47017600000000004,250,250
truth,cross_persona,pathological_liar,4000,25,villain,-0.3042470182019471,0.419952,250,250
truth,cross_persona,pathological_liar,4000,25,pathological_liar,1.191094190768017,0.815888,250,250
truth,cross_persona,pathological_liar,4000,25,Aura,-0.7609268458972398,0.30463999999999997,250,250
truth,cross_persona,pathological_liar,4000,25,mathematician,-0.6426994491743533,0.33334400000000003,250,250
truth,cross_persona,pathological_liar,4000,25,neutral_long,-0.3296727845237188,0.414192,250,250
truth,cross_persona,pathological_liar,4000,32,default,0.8862705452784735,0.742912,250,250
truth,cross_persona,pathological_liar,4000,32,helpful_assistant,1.0879316685907903,0.78296,250,250
truth,cross_persona,pathological_liar,4000,32,sadist,0.44349095930287724,0.62088,250,250
truth,cross_persona,pathological_liar,4000,32,villain,0.489344115815164,0.631872,250,250
truth,cross_persona,pathological_liar,4000,32,pathological_liar,1.8450804636160383,0.9070719999999999,250,250
truth,cross_persona,pathological_liar,4000,32,Aura,1.4012280529005576,0.84536,250,250
truth,cross_persona,pathological_liar,4000,32,mathematician,0.8396381813370072,0.725968,250,250
truth,cross_persona,pathological_liar,4000,32,neutral_long,0.2666903352994538,0.5749759999999999,250,250
truth,cross_persona,pathological_liar,4000,39,default,1.6239118034860214,0.869312,250,250
truth,cross_persona,pathological_liar,4000,39,helpful_assistant,1.0653744113339059,0.772832,250,250
truth,cross_persona,pathological_liar,4000,39,sadist,0.357701246058993,0.604224,250,250
truth,cross_persona,pathological_liar,4000,39,villain,0.05985935498768766,0.512864,250,250
truth,cross_persona,pathological_liar,4000,39,pathological_liar,1.7036142986949558,0.891776,250,250
truth,cross_persona,pathological_liar,4000,39,Aura,0.6780765732125349,0.68192,250,250
truth,cross_persona,pathological_liar,4000,39,mathematician,1.443307895228686,0.845872,250,250
truth,cross_persona,pathological_liar,4000,39,neutral_long,0.5565817621404285,0.660128,250,250
truth,cross_persona,pathological_liar,4000,46,default,0.6064025488234337,0.6568,250,250
truth,cross_persona,pathological_liar,4000,46,helpful_assistant,-0.3575098897495987,0.376704,250,250
truth,cross_persona,pathological_liar,4000,46,sadist,0.3804425585281053,0.6119840000000001,250,250
truth,cross_persona,pathological_liar,4000,46,villain,0.4793810316584571,0.6359360000000001,250,250
truth,cross_persona,pathological_liar,4000,46,pathological_liar,1.6686574459042856,0.8864799999999999,250,250
truth,cross_persona,pathological_liar,4000,46,Aura,-0.14473966217662684,0.459328,250,250
truth,cross_persona,pathological_liar,4000,46,mathematician,0.017080295261097608,0.4905439999999999,250,250
truth,cross_persona,pathological_liar,4000,46,neutral_long,-0.013560242083366373,0.49579200000000007,250,250
truth,cross_persona,pathological_liar,4000,53,default,-1.3932855666179447,0.156304,250,250
truth,cross_persona,pathological_liar,4000,53,helpful_assistant,-0.26757754710746084,0.424864,250,250
truth,cross_persona,pathological_liar,4000,53,sadist,-0.7030336476585239,0.30070399999999997,250,250
truth,cross_persona,pathological_liar,4000,53,villain,0.018904040549959363,0.48951999999999996,250,250
truth,cross_persona,pathological_liar,4000,53,pathological_liar,1.5165458889073795,0.8631840000000002,250,250
truth,cross_persona,pathological_liar,4000,53,Aura,-0.3557586795163669,0.39259199999999994,250,250
truth,cross_persona,pathological_liar,4000,53,mathematician,0.48730356014972626,0.6285439999999999,250,250
truth,cross_persona,pathological_liar,4000,53,neutral_long,-0.009170388575830425,0.510912,250,250
truth,cross_persona,sadist,4000,25,default,0.390512215413201,0.6178400000000001,250,250
truth,cross_persona,sadist,4000,25,helpful_assistant,0.6316009213197196,0.6769919999999999,250,250
truth,cross_persona,sadist,4000,25,sadist,0.9267030234980104,0.7657279999999999,250,250
truth,cross_persona,sadist,4000,25,villain,0.47467873286744494,0.649656,250,250
truth,cross_persona,sadist,4000,25,pathological_liar,1.2431313811003788,0.8105199999999999,250,250
truth,cross_persona,sadist,4000,25,Aura,0.011056777364676073,0.503968,250,250
truth,cross_persona,sadist,4000,25,mathematician,0.030519875812582586,0.504928,250,250
truth,cross_persona,sadist,4000,25,neutral_long,0.3194567245640207,0.5875520000000001,250,250
truth,cross_persona,sadist,4000,32,default,0.513822010548728,0.646496,250,250
truth,cross_persona,sadist,4000,32,helpful_assistant,0.9174913749983982,0.7472639999999999,250,250
truth,cross_persona,sadist,4000,32,sadist,1.3330156627916139,0.839056,250,250
truth,cross_persona,sadist,4000,32,villain,0.8474803313894778,0.74488,250,250
truth,cross_persona,sadist,4000,32,pathological_liar,-0.529451300997099,0.35408,250,250
truth,cross_persona,sadist,4000,32,Aura,0.7470723506458965,0.7088160000000001,250,250
truth,cross_persona,sadist,4000,32,mathematician,0.8231609090778571,0.724144,250,250
truth,cross_persona,sadist,4000,32,neutral_long,0.6603318061288455,0.6959519999999999,250,250
truth,cross_persona,sadist,4000,39,default,1.673963266580057,0.880736,250,250
truth,cross_persona,sadist,4000,39,helpful_assistant,0.8130002192843903,0.721824,250,250
truth,cross_persona,sadist,4000,39,sadist,1.3906233744117125,0.838496,250,250
truth,cross_persona,sadist,4000,39,villain,0.5621509796067795,0.6656319999999999,250,250
truth,cross_persona,sadist,4000,39,pathological_liar,-0.12755400971794187,0.462928,250,250
truth,cross_persona,sadist,4000,39,Aura,0.8384917096159035,0.72688,250,250
truth,cross_persona,sadist,4000,39,mathematician,0.6020341038625784,0.667008,250,250
truth,cross_persona,sadist,4000,39,neutral_long,1.1595927584511694,0.802272,250,250
truth,cross_persona,sadist,4000,46,default,0.8452687901105541,0.726448,250,250
truth,cross_persona,sadist,4000,46,helpful_assistant,0.38485401326932706,0.5955839999999999,250,250
truth,cross_persona,sadist,4000,46,sadist,1.3671650482194075,0.843312,250,250
truth,cross_persona,sadist,4000,46,villain,1.2945900006277058,0.817296,250,250
truth,cross_persona,sadist,4000,46,pathological_liar,0.40861792130935914,0.601248,250,250
truth,cross_persona,sadist,4000,46,Aura,-0.2526236937182887,0.431504,250,250
truth,cross_persona,sadist,4000,46,mathematician,0.3965736831541222,0.612432,250,250
truth,cross_persona,sadist,4000,46,neutral_long,0.4707933064239938,0.62624,250,250
truth,cross_persona,sadist,4000,53,default,-0.9378472206318303,0.249344,250,250
truth,cross_persona,sadist,4000,53,helpful_assistant,0.8580898491740118,0.7277119999999999,250,250
truth,cross_persona,sadist,4000,53,sadist,1.2388203156155186,0.819248,250,250
truth,cross_persona,sadist,4000,53,villain,-0.3653115031892459,0.388752,250,250
truth,cross_persona,sadist,4000,53,pathological_liar,1.2792942990892564,0.820592,250,250
truth,cross_persona,sadist,4000,53,Aura,0.6461187695122247,0.684048,250,250
truth,cross_persona,sadist,4000,53,mathematician,1.472706960640239,0.8598399999999999,250,250
truth,cross_persona,sadist,4000,53,neutral_long,-0.15143683670754296,0.473248,250,250
truth,cross_persona,villain,4000,25,default,0.8905985525795767,0.747024,250,250
truth,cross_persona,villain,4000,25,helpful_assistant,1.2680938591975475,0.8225119999999999,250,250
truth,cross_persona,villain,4000,25,sadist,0.8526712526554167,0.7331360000000001,250,250
truth,cross_persona,villain,4000,25,villain,1.2360652717422087,0.820656,250,250
truth,cross_persona,villain,4000,25,pathological_liar,1.5517021222836285,0.8661599999999999,250,250
truth,cross_persona,villain,4000,25,Aura,0.8661823266145129,0.720448,250,250
truth,cross_persona,villain,4000,25,mathematician,0.7553361529976261,0.702784,250,250
truth,cross_persona,villain,4000,25,neutral_long,0.6071678408108054,0.669296,250,250
truth,cross_persona,villain,4000,32,default,1.8773918596656123,0.908464,250,250
truth,cross_persona,villain,4000,32,helpful_assistant,1.7579942045714003,0.892176,250,250
truth,cross_persona,villain,4000,32,sadist,-0.19743347167806327,0.45315200000000005,250,250
truth,cross_persona,villain,4000,32,villain,1.3322657049353757,0.8416480000000001,250,250
truth,cross_persona,villain,4000,32,pathological_liar,0.7075012379819854,0.6935199999999998,250,250
truth,cross_persona,villain,4000,32,Aura,1.3045886506887152,0.821584,250,250
truth,cross_persona,villain,4000,32,mathematician,0.9440246669114412,0.7585919999999999,250,250
truth,cross_persona,villain,4000,32,neutral_long,0.9878418544583798,0.7574719999999999,250,250
truth,cross_persona,villain,4000,39,default,1.8488597899369141,0.9028959999999999,250,250
truth,cross_persona,villain,4000,39,helpful_assistant,1.6229356214202488,0.87152,250,250
truth,cross_persona,villain,4000,39,sadist,0.5282468344201746,0.649184,250,250
truth,cross_persona,villain,4000,39,villain,1.2751517916520838,0.833024,250,250
truth,cross_persona,villain,4000,39,pathological_liar,-0.6508065287855515,0.31635199999999997,250,250
truth,cross_persona,villain,4000,39,Aura,0.8623603035166186,0.734272,250,250
truth,cross_persona,villain,4000,39,mathematician,1.285441211122496,0.840512,250,250
truth,cross_persona,villain,4000,39,neutral_long,0.706849866288201,0.7064800000000001,250,250
truth,cross_persona,villain,4000,46,default,0.321230287364308,0.593824,250,250
truth,cross_persona,villain,4000,46,helpful_assistant,0.19980261225466533,0.574592,250,250
truth,cross_persona,villain,4000,46,sadist,0.7687515883322522,0.709696,250,250
truth,cross_persona,villain,4000,46,villain,1.3369727985347681,0.83416,250,250
truth,cross_persona,villain,4000,46,pathological_liar,0.5715999579040075,0.655408,250,250
truth,cross_persona,villain,4000,46,Aura,-0.002962520655773094,0.5064799999999999,250,250
truth,cross_persona,villain,4000,46,mathematician,0.07406410394265359,0.523888,250,250
truth,cross_persona,villain,4000,46,neutral_long,1.2517159063306351,0.8160800000000001,250,250
truth,cross_persona,villain,4000,53,default,-0.5868763857186146,0.33811199999999997,250,250
truth,cross_persona,villain,4000,53,helpful_assistant,1.1762952268349836,0.791696,250,250
truth,cross_persona,villain,4000,53,sadist,0.2040587436822138,0.5534079999999999,250,250
truth,cross_persona,villain,4000,53,villain,1.3059545159745365,0.8276799999999999,250,250
truth,cross_persona,villain,4000,53,pathological_liar,1.1968469816013334,0.8007040000000001,250,250
truth,cross_persona,villain,4000,53,Aura,-0.20961998773211302,0.43982400000000005,250,250
truth,cross_persona,villain,4000,53,mathematician,-0.03399660984991663,0.47798399999999996,250,250
truth,cross_persona,villain,4000,53,neutral_long,-0.6561260556038285,0.307168,250,250
truth,preference_baseline,preference,0,25,default,1.6265679386600733,0.881488,250,250
truth,preference_baseline,preference,0,25,helpful_assistant,1.7579071322460516,0.901648,250,250
truth,preference_baseline,preference,0,25,sadist,0.5013823528535978,0.6367039999999999,250,250
truth,preference_baseline,preference,0,25,villain,0.7499784737909638,0.7080000000000001,250,250
truth,preference_baseline,preference,0,25,pathological_liar,0.8199571784037456,0.7312,250,250
truth,preference_baseline,preference,0,25,Aura,0.821502761790267,0.7237920000000001,250,250
truth,preference_baseline,preference,0,25,mathematician,0.9929524399490864,0.7677120000000001,250,250
truth,preference_baseline,preference,0,25,neutral_long,0.9407519340467804,0.764096,250,250
harm,preference_baseline,preference,0,25,default,-3.230211868644267,0.021776,250,250
harm,preference_baseline,preference,0,25,helpful_assistant,-3.6221103044997274,0.015728000000000002,250,250
harm,preference_baseline,preference,0,25,sadist,-1.552674964903542,0.12913599999999997,250,250
harm,preference_baseline,preference,0,25,villain,-1.8624958785480155,0.087184,250,250
harm,preference_baseline,preference,0,25,pathological_liar,-2.1193484514228564,0.062495999999999996,250,250
harm,preference_baseline,preference,0,25,Aura,-1.9596090073071395,0.073616,250,250
harm,preference_baseline,preference,0,25,mathematician,-2.3155139212240843,0.059552,250,250
harm,preference_baseline,preference,0,25,neutral_long,-2.3921853715915695,0.0536,250,250
truth,preference_baseline,preference,0,32,default,1.9806655915401787,0.927744,250,250
truth,preference_baseline,preference,0,32,helpful_assistant,2.5055925555977208,0.951232,250,250
truth,preference_baseline,preference,0,32,sadist,0.20390531036902915,0.5568960000000001,250,250
truth,preference_baseline,preference,0,32,villain,0.4874800043177485,0.634416,250,250
truth,preference_baseline,preference,0,32,pathological_liar,-0.6849207322243612,0.306864,250,250
truth,preference_baseline,preference,0,32,Aura,0.848476498312851,0.728704,250,250
truth,preference_baseline,preference,0,32,mathematician,0.986960597536751,0.7578720000000001,250,250
truth,preference_baseline,preference,0,32,neutral_long,0.7867897013295132,0.71,250,250
harm,preference_baseline,preference,0,32,default,-3.1754471036758645,0.025776000000000004,250,250
harm,preference_baseline,preference,0,32,helpful_assistant,-3.6319987216922387,0.017744000000000003,250,250
harm,preference_baseline,preference,0,32,sadist,-1.3670821286052162,0.156848,250,250
harm,preference_baseline,preference,0,32,villain,-2.150003365454761,0.05486400000000001,250,250
harm,preference_baseline,preference,0,32,pathological_liar,-2.216482807026009,0.05134400000000001,250,250
harm,preference_baseline,preference,0,32,Aura,-1.7149925875874248,0.088704,250,250
harm,preference_baseline,preference,0,32,mathematician,-2.6215973605849983,0.037152000000000004,250,250
harm,preference_baseline,preference,0,32,neutral_long,-2.511175351724963,0.043648,250,250
truth,preference_baseline,preference,0,39,default,2.2019001315496722,0.938048,250,250
truth,preference_baseline,preference,0,39,helpful_assistant,2.486470139204933,0.952592,250,250
truth,preference_baseline,preference,0,39,sadist,0.29043953034582504,0.59216,250,250
truth,preference_baseline,preference,0,39,villain,1.014332283523,0.7781439999999998,250,250
truth,preference_baseline,preference,0,39,pathological_liar,-1.2314867921147241,0.177408,250,250
truth,preference_baseline,preference,0,39,Aura,0.926022476622325,0.7416159999999999,250,250
truth,preference_baseline,preference,0,39,mathematician,1.3980277046003093,0.847728,250,250
truth,preference_baseline,preference,0,39,neutral_long,1.028357485657635,0.773616,250,250
harm,preference_baseline,preference,0,39,default,-3.2708077708441485,0.025552,250,250
harm,preference_baseline,preference,0,39,helpful_assistant,-3.7317179688510134,0.018608000000000003,250,250
harm,preference_baseline,preference,0,39,sadist,-1.1640821633636051,0.19368,250,250
harm,preference_baseline,preference,0,39,villain,-2.0489701724466305,0.06056,250,250
harm,preference_baseline,preference,0,39,pathological_liar,-2.0139234349873534,0.066192,250,250
harm,preference_baseline,preference,0,39,Aura,-2.030253150543807,0.060848,250,250
harm,preference_baseline,preference,0,39,mathematician,-2.5044593331928575,0.043120000000000006,250,250
harm,preference_baseline,preference,0,39,neutral_long,-2.7351115887316366,0.03984,250,250
truth,preference_baseline,preference,0,46,default,1.7328685185711,0.8939680000000001,250,250
truth,preference_baseline,preference,0,46,helpful_assistant,2.274489901226729,0.9334719999999999,250,250
truth,preference_baseline,preference,0,46,sadist,0.11408009770143687,0.5311999999999999,250,250
truth,preference_baseline,preference,0,46,villain,0.4877007817533106,0.635088,250,250
truth,preference_baseline,preference,0,46,pathological_liar,-1.2583692602916332,0.182736,250,250
truth,preference_baseline,preference,0,46,Aura,0.8612126673681894,0.7261920000000001,250,250
truth,preference_baseline,preference,0,46,mathematician,0.7158010888802139,0.7043520000000001,250,250
truth,preference_baseline,preference,0,46,neutral_long,0.6485026201265666,0.68224,250,250
harm,preference_baseline,preference,0,46,default,-3.2313156816538195,0.026336000000000002,250,250
harm,preference_baseline,preference,0,46,helpful_assistant,-3.8197122420015845,0.018976,250,250
harm,preference_baseline,preference,0,46,sadist,-1.3731540106767857,0.16008,250,250
harm,preference_baseline,preference,0,46,villain,-2.274924157974702,0.047536,250,250
harm,preference_baseline,preference,0,46,pathological_liar,-2.233641047204572,0.06243200000000001,250,250
harm,preference_baseline,preference,0,46,Aura,-2.254532726868639,0.05348800000000001,250,250
harm,preference_baseline,preference,0,46,mathematician,-2.521857275476136,0.04504,250,250
harm,preference_baseline,preference,0,46,neutral_long,-2.7985540880885216,0.038208000000000006,250,250
truth,preference_baseline,preference,0,53,default,1.5811626572119417,0.86392,250,250
truth,preference_baseline,preference,0,53,helpful_assistant,2.1109972203802894,0.929056,250,250
truth,preference_baseline,preference,0,53,sadist,0.36491627216882844,0.602864,250,250
truth,preference_baseline,preference,0,53,villain,0.7003182941654102,0.6965920000000001,250,250
truth,preference_baseline,preference,0,53,pathological_liar,-0.9874340220035294,0.245392,250,250
truth,preference_baseline,preference,0,53,Aura,0.8100432865999395,0.7207520000000001,250,250
truth,preference_baseline,preference,0,53,mathematician,0.6340844808939922,0.685216,250,250
truth,preference_baseline,preference,0,53,neutral_long,0.2957852707113821,0.5746399999999999,250,250
harm,preference_baseline,preference,0,53,default,-3.1730718468581394,0.02728,250,250
harm,preference_baseline,preference,0,53,helpful_assistant,-3.6607880874199616,0.020016000000000006,250,250
harm,preference_baseline,preference,0,53,sadist,-1.209122098273096,0.192064,250,250
harm,preference_baseline,preference,0,53,villain,-2.0742133907868423,0.06292800000000001,250,250
harm,preference_baseline,preference,0,53,pathological_liar,-2.26387912118699,0.063104,250,250
harm,preference_baseline,preference,0,53,Aura,-1.96601292210758,0.07064000000000002,250,250
harm,preference_baseline,preference,0,53,mathematician,-2.462110429312868,0.04446400000000001,250,250
harm,preference_baseline,preference,0,53,neutral_long,-2.668697025507907,0.040560000000000006,250,250
